{
    "@timestamp": "2022-04-29T22:06:00.000Z",
    "ecs": {
        "version": "8.0.0"
    },
    "metricset": {
        "name": "rds",
        "period": 60000
    },
    "service": {
        "type": "aws"
    },
    "cloud": {
        "provider": "aws",
        "region": "us-east-1",
        "account": {
            "name": "test",
            "id": "123456789"
        }
    },
    "aws": {
        "rds": {
            "free_local_storage": {
                "bytes": 26268446720
            },
            "aurora_replica": {
                "lag_max": {
                    "ms": 20.304000854492188
                },
                "lag_min": {
                    "ms": 20.304000854492188
                }
            },
            "engine_uptime": {
                "sec": 49034043.5
            },
            "throughput": {
                "dml": 0.49996361679093426,
                "network": 1.4025011270098342,
                "network_transmit": 0.7012505635049171,
                "update": 0,
                "ddl": 0,
                "delete": 0,
                "insert": 0.49996361679093426,
                "network_receive": 0.7012505635049171,
                "select": 3.191082392137672,
                "commit": 0.49996361679093426
            },
            "deadlocks": 0,
            "aurora_volume_left_total": {
                "bytes": 70007366615040
            },
            "database_connections": 0,
            "freeable_memory": {
                "bytes": 4668841984
            },
            "swap_usage": {
                "bytes": 0
            },
            "queries": 9.079938078523146,
            "latency": {
                "write": 0.0011471449704016914,
                "delete": 0,
                "commit": 7.523700000000001,
                "ddl": 0,
                "dml": 0.19436666666666666,
                "select": 0.23795217035217037,
                "insert": 0.19436666666666666,
                "read": 0,
                "update": 0
            },
            "transactions": {
                "active": 0,
                "blocked": 0
            },
            "login_failures": 0,
            "aurora_bin_log_replica_lag": 0,
            "cache_hit_ratio": {
                "result_set": 0,
                "buffer": 100
            }
        },
        "cloudwatch": {
            "namespace": "AWS/RDS"
        },
        "dimensions": {
            "Role": "WRITER",
            "DBClusterIdentifier": "database-1"
        },
        "tags": {
            "cluster": "database-1",
            "dept": "eng",
            "created-by": "ks"
        }
    },
    "event": {
        "duration": 23004180977,
        "dataset": "aws.rds",
        "module": "aws"
    }
}