{
    "kubernetes": {
        "container": {
            "start_time": "2021-12-20T08:47:19Z",
            "memory": {
                "rss": {
                    "bytes": 1433051136
                },
                "majorpagefaults": 297,
                "usage": {
                    "node": {
                        "pct": 0.1533557671938445
                    },
                    "bytes": 1521139712,
                    "limit": {
                        "pct": 0.1533557671938445
                    }
                },
                "available": {
                    "bytes": 0
                },
                "workingset": {
                    "bytes": 1490817024,
                    "limit": {
                        "pct": 0.15029874419
                    }
                },
                "pagefaults": 589314
            },
            "rootfs": {
                "inodes": {
                    "used": 402
                },
                "available": {
                    "bytes": 138514030592
                },
                "used": {
                    "bytes": 15679488
                },
                "capacity": {
                    "bytes": 211108732928
                }
            },
            "name": "elasticsearch",
            "cpu": {
                "usage": {
                    "core": {
                        "ns": 163198143819
                    },
                    "node": {
                        "pct": 0.001825555375
                    },
                    "limit": {
                        "pct": 0.001825555375
                    },
                    "nanocores": 14604443
                }
            },
            "logs": {
                "inodes": {
                    "count": 13107200,
                    "used": 2,
                    "free": 10806621
                },
                "available": {
                    "bytes": 138514030592
                },
                "used": {
                    "bytes": 446464
                },
                "capacity": {
                    "bytes": 211108732928
                }
            }
        },
        "node": {
            "uid": "57ccd748-c877-4be9-9b0e-568e9f205025",
            "hostname": "kind-control-plane",
            "name": "kind-control-plane",
            "labels": {
                "node_kubernetes_io/exclude-from-external-load-balancers": "",
                "node-role_kubernetes_io/master": "",
                "kubernetes_io/hostname": "kind-control-plane",
                "node-role_kubernetes_io/control-plane": "",
                "beta_kubernetes_io/os": "linux",
                "kubernetes_io/arch": "amd64",
                "kubernetes_io/os": "linux",
                "beta_kubernetes_io/arch": "amd64"
            }
        },
        "pod": {
            "uid": "75b5af67-2eed-42d2-8dfc-2a07a9f36c36",
            "ip": "10.244.0.3",
            "name": "elasticsearch-d5cbc495-f5rjf"
        },
        "namespace": "default",
        "namespace_uid": "7cbf170c-6b3a-4b2b-8cfa-2da764bce351",
        "replicaset": {
            "name": "elasticsearch-d5cbc495"
        },
        "namespace_labels": {
            "kubernetes_io/metadata_name": "default"
        },
        "labels": {
            "app": "elasticsearch",
            "pod-template-hash": "d5cbc495"
        },
        "deployment": {
            "name": "elasticsearch"
        }
    },
    "agent": {
        "name": "kind-control-plane",
        "id": "de42127b-4db8-4471-824e-a7b14f478663",
        "type": "metricbeat",
        "ephemeral_id": "09fcf6b0-b25f-4c29-ab3f-179ee664bfae",
        "version": "8.1.0"
    },
    "elastic_agent": {
        "id": "de42127b-4db8-4471-824e-a7b14f478663",
        "version": "8.1.0",
        "snapshot": true
    },
    "orchestrator": {
        "cluster": {
            "name": "kind",
            "url": "kind-control-plane:6443"
        }
    },
    "@timestamp": "2021-12-20T09:53:30.156Z",
    "ecs": {
        "version": "8.0.0"
    },
    "data_stream": {
        "namespace": "default",
        "type": "metrics",
        "dataset": "kubernetes.container"
    },
    "service": {
        "address": "https://kind-control-plane:10250/stats/summary",
        "type": "kubernetes"
    },
    "host": {
        "hostname": "kind-control-plane",
        "os": {
            "kernel": "5.10.47-linuxkit",
            "codename": "Core",
            "name": "CentOS Linux",
            "type": "linux",
            "family": "redhat",
            "version": "7 (Core)",
            "platform": "centos"
        },
        "containerized": true,
        "ip": [
            "10.244.0.1"
        ],
        "name": "kind-control-plane",
        "id": "85e35c2b5e1b39ba72393a6baf6ee7cd",
        "mac": [
            "fe:ec:82:9f:29:19"
        ],
        "architecture": "x86_64"
    },
    "metricset": {
        "period": 10000,
        "name": "container"
    },
    "event": {
        "duration": 156057406,
        "agent_id_status": "verified",
        "ingested": "2021-12-20T09:53:30Z",
        "module": "kubernetes",
        "dataset": "kubernetes.container"
    }
}